protocol,token,category,launch_year,governance_model,distribution_type,hhi,gini,top1_pct,top5_pct,top10_pct,n_holders,market_cap_usd,fdv_usd,volume_24h_usd,price_usd,circulating_supply,total_supply,max_supply,circ_to_total_ratio,genesis_date,team_pct,investor_pct,community_pct,treasury_pct,other_pct,insider_pct,active_devices,total_devices,daily_earn_usd,device_cost_usd,service_type,breakeven_days,dd_treasury_usd,revenue_annual_usd,revenue_source,incentives_annual_usd,treasury_usd,maturity_years,log_hhi,log_fdv,log_revenue,log_treasury,regression_ready,subsidy_ratio,source
Compound,COMP,DeFi,2020,delegate,mining,0.027491,0.8634,14.06,25.45,32.36,1000,170272531.0,176200000.0,9566725.0,17.62,9668189.28,10000000.0,10000000.0,0.966818928,,26.0,24.0,42.0,8.0,0.0,50.0,,,,,,,6693806.0,4883808.3,token_terminal_live,5545006.1,6693806.0,6,-3.5938966006022905,18.987130271466352,15.401435862828157,15.716693179156273,True,1.1353856989022275,
MakerDAO,MKR,DeFi,2017,delegate,team_vc,0.045041,0.8982,11.37,41.71,56.16,1000,0.0,165536920.0,298232.0,1807.66,0.0,91554.313234891,1005577.0,0.0,2017-11-25,84.5,15.5,0.0,0.0,0.0,100.0,,,,,,,280011916.0,349334677.5,token_terminal_live,0.0,280011916.0,9,-3.100182092910495,18.924704809473393,19.67154098197509,19.45034271737085,True,0.0,
Aave,AAVE,DeFi,2020,delegate,team_vc,0.059344,0.8803,21.67,38.54,47.65,1000,1481437372.0,1562720000.0,166436389.0,97.67,15185755.57,16000000.0,16000000.0,0.949109723125,,0.0,0.0,81.25,18.75,0.0,0.0,,,,,,,155544120.0,135365013.7,token_terminal_live,50181033.0,155544120.0,6,-2.8244042582349023,21.16969372966344,18.723485492882094,18.862439979243383,True,0.3707090305565418,
Uniswap,UNI,DeFi,2020,delegate,airdrop,0.100843,0.8869,29.1,46.21,52.12,1000,2223202852.0,3150380914.3403997,138672922.0,3.51,633561603.6,897544420.04,1000000000.0,0.7058832849428942,,21.27,18.04,60.0,0.0,0.69,39.31,,,,,,,1038873281.0,10628912.4,token_terminal_live,36533248.0,1038873281.0,6,-2.2941904270057765,21.87078920766052,16.179088430878597,20.76140257916157,True,3.437157690753007,
Curve,CRV,DeFi,2020,token_weighted,mining,0.170599,0.8943,40.53,53.08,60.66,1000,324541384.0,514889206.0882199,40253050.0,0.217579,1493385051.0,2366447157.53,3030303031.0,0.6310662996416677,,3.0,27.0,62.0,5.0,3.0,30.0,,,,,,,96000000.0,30717716.8,token_terminal_live,70500548.3,96000000.0,6,-1.7684395056064508,20.05946230167413,17.240350140564995,18.37985874943211,True,2.295110302599052,
Rocket Pool,RPL,DeFi,2017,token_weighted,team_vc,0.03915,0.8748,11.52,37.68,52.71,999,37570638.0,37659075.116,3352163.0,1.69,22283476.4,22283476.4,,1.0,,9.0,51.0,31.0,6.0,3.0,60.0,,,,,,,56298.0,37248720.0,defillama_fees_proxy,,56298.0,9,-3.240354856545325,17.444084522102543,17.433128139783335,10.938414289518105,True,,
Jupiter,JUP,DeFi,2024,token_weighted,airdrop,0.116602,0.9797,25.07,60.28,75.04,1000,545012815.0,1054863684.545594,25145085.0,0.153681,3550835739.32,6863982434.69,10000000000.0,0.5173142229173504,,20.0,0.0,50.57,19.04,10.39,20.0,,,,,,,300000000.0,840360.7,token_terminal_live,,300000000.0,2,-2.1489888525541883,20.77667738656472,13.64158648341356,19.519293032620475,True,,
Maple Finance,MPL_SYRUP,DeFi,2021,token_weighted,team_vc,0.024243,0.8843,8.47,28.75,40.64,998,321109.0,1836910.0,49390.0,0.183691,1748089.34,10000000.0,10000000.0,0.174808934,,25.0,26.0,30.0,14.0,5.0,51.0,,,,,,,9309078.0,13280707.6,token_terminal_live,0.0,9309078.0,5,-3.719627363062717,14.423595370073826,16.401822983725598,16.0465006110516,True,0.0,
GMX,GMX,DeFi,2021,token_weighted,team_vc,0.056379,0.9307,17.49,43.63,60.21,999,65038289.0,65090528.477699995,4983644.0,6.27,10381264.51,10381264.51,13250000.0,1.0,,1.89,7.55,60.37,0.0,30.19,9.44,,,,,,,44000000.0,28797065.7,token_terminal_live,175053.8,44000000.0,5,-2.8756585302395634,17.991289604699816,17.175784054498838,17.599700191882537,True,0.0060788762932884,
Drift,DRIFT,DeFi,2024,token_weighted,airdrop,0.101134,0.9392,27.01,53.26,61.68,1000,37048496.0,63874000.0,6918969.0,0.063874,581163076.43,1000000000.0,1000000000.0,0.58116307643,,25.0,22.0,53.0,0.0,0.0,47.0,,,,,,,45000000.0,7759944.0,defillama_fees_proxy,,45000000.0,2,-2.29130890879973,17.972422950788292,15.864485675638518,17.622173047734595,True,,
Ether.Fi,ETHFI,DeFi,2024,token_weighted,airdrop,0.066775,0.9459,19.02,48.29,59.88,1000,369164093.0,468284425.987029,30344548.0,0.468971,787264625.0,998535999.0,1000000000.0,0.7884188710155857,,23.26,32.5,11.0,27.24,6.0,55.76,,,,,,,35000000.0,49226494.1,token_terminal_live,11794198.6,35000000.0,2,-2.7064265199861124,19.96458641711353,17.711942534492017,17.37085861945369,True,0.2395904647615357,
The Graph,GRT,L1_L2_Infra,2020,delegate,team_vc,0.099984,0.917,28.61,51.81,59.66,1000,256162157.0,256892891.29000208,11844850.0,0.0237858,10770371545.86,10800262816.05,10800262823.318213,0.9972323571473116,,22.25,32.9,13.47,19.64,11.74,55.15,,,,,,,15000000.0,353715.5,token_terminal_live,17642151.0,15000000.0,6,-2.3027451057954114,19.364169790580103,12.7762481966818,16.523560759066484,True,49.87666924406762,
Optimism,OP,L1_L2_Infra,2022,delegate,airdrop,0.12066,0.8904,31.82,54.01,60.76,1000,228794474.0,464049741.49632,52195331.0,0.108045,2117847344.0,4294967296.0,4294967296.0,0.4930997602641582,,19.0,17.0,64.0,0.0,0.0,36.0,,,,,,,600000000.0,12642753.9,token_terminal_live,95637974.5,600000000.0,4,-2.1147786059695215,19.955502305945547,16.352594794787805,20.21244021318042,True,7.564647327351677,
Polygon,POL,L1_L2_Infra,2020,delegate,team_vc,0.03475,0.9195,12.06,31.44,49.5,998,970844394.0,971169246.0020978,55774668.0,0.091469,10617468716.2,10617468716.2,,1.0,,16.0,26.8,23.33,21.86,12.01,42.8,,,,,,,255000000.0,8669743.3,token_terminal_live,22436653.8,255000000.0,6,-3.3595757069713357,20.69401131179006,15.975349740475266,19.3567741031227,True,2.58792596546659,
Arbitrum,ARB,L1_L2_Infra,2023,delegate,airdrop,0.097016,0.8289,30.17,41.65,47.19,1000,559249324.0,926030000.0,53684214.0,0.092603,6040824145.0,10000000000.0,10000000000.0,0.6040824145,,26.94,17.53,12.75,42.78,0.0,44.47,,,,,,,2600000000.0,22011319.5,token_terminal_live,0.0,2600000000.0,3,-2.3328793656276465,20.64641718949387,16.90706740172843,21.678777281973847,True,0.0,
ENS,ENS,L1_L2_Infra,2021,delegate,airdrop,0.134531,0.9393,26.73,70.19,75.55,999,214780224.0,560000000.0,17895420.0,5.6,38380013.53,100000000.0,100000000.0,0.3838001353,,25.0,0.0,25.0,50.0,0.0,25.0,,,,,,,357517371.0,1623516.0,defillama_fees_proxy,,357517371.0,5,-2.0059606232260565,20.14344734169347,14.300104725727476,19.69469450912766,True,,
DIMO,DIMO,DePIN,2022,token_weighted,team_vc,0.037903,0.8709,13.94,30.31,45.0,999,7663204.0,15432380.0,828314.0,0.01543238,496528414.9,1000000000.0,1000000000.0,0.4965284149,,22.4,7.6,44.95,25.0,0.05,30.0,184183.0,210000.0,0.06,120.0,vehicle_telemetry,2000.0,,,missing,,,4,-3.272725014353578,16.551978457422127,,,True,,depinscan_2026
IoTeX,IOTX,DePIN,2018,token_weighted,team_vc,0.106455,0.987,19.75,59.93,90.57,1000,43700433.0,43701640.803689584,2148403.0,0.00462874,9441368661.0,9441368667.0,10000000000.0,0.9999999993644988,,15.0,24.0,6.0,25.0,30.0,39.0,9300.0,14000.0,0.02,80.0,IoT_data,4000.0,,88154.6,token_terminal_live,3442561.5,,8,-2.2400329183370813,17.592896206356134,11.386847370242142,,True,39.05141081690575,iotex_iotube_2026
WeatherXM,WXM,DePIN,2024,token_weighted,team_vc,0.147854,0.8946,34.98,60.98,77.92,999,497517.0,1594566.0,,0.01594566,31201225.0,100000000.0,,0.31201225,,0.0,30.0,55.0,10.0,5.0,30.0,9813.0,11500.0,0.35,400.0,weather_data,1143.0,,,missing,,,2,-1.911529978602541,14.282112156861595,,,True,,wxm_explorer_2026_corrected
Anyone Protocol,ANYONE,DePIN,2024,token_weighted,airdrop,0.04036,0.7942,13.29,36.8,47.51,1000,,,,,,,,,,10.0,0.0,10.0,25.0,55.0,10.0,6000.0,8000.0,0.05,0.0,privacy_bandwidth,,,,missing,,,2,-3.209916083496729,,,,False,,anyone_io_july_2025
Grass,GRASS,DePIN,2024,token_weighted,airdrop,0.035201,0.7603,16.01,30.67,38.17,1000,161220686.0,285511000.0,9388422.0,0.285511,564673734.0,1000000000.0,1000000000.0,0.564673734,,22.0,25.2,30.0,22.8,0.0,47.2,3000000.0,5000000.0,0.01,0.0,bandwidth,,,,missing,,,2,-3.346680787690707,19.469791115214793,,,True,,nansen_research_2025_verified
Livepeer,LPT,DePIN,2018,delegate,mining,0.198868,0.9416,42.87,63.11,73.71,998,102463381.0,102359246.373,5750691.0,2.06,49688954.55,49688954.55,,1.0,2018-10-01,12.0,64.0,19.0,5.0,0.0,76.0,100.0,100.0,12.0,5000.0,video_transcoding,417.0,,0.0,token_terminal_live,57373122.0,,8,-1.6151139909323362,18.443999206714103,,,True,,livepeer_explorer_protocol_cap
Helium,HNT,DePIN,2019,token_weighted,mining,0.102405,0.9825,24.48,58.1,79.42,1000,197286767.0,197306985.95583,3780142.0,1.069,184571549.07,184571549.07,223000000.0,1.0,,12.5,21.5,66.0,0.0,0.0,34.0,164171.0,385000.0,0.04,350.0,IoT/LoRaWAN,8750.0,,13164903.9,token_terminal_live,,,7,-2.278819739443784,19.10027137815024,16.39306505122772,,True,,messari_state_helium_q4_2025
GEODNET,GEOD,DePIN,2023,token_weighted,team_vc,0.132502,0.9604,24.95,69.04,81.85,1000,60244202.0,136880402.92892703,245871.0,0.141392,426078902.62,968091567.62,1000000000.0,0.440122522363759,,25.0,25.0,35.0,0.0,15.0,50.0,21135.0,23000.0,1.3,600.0,GNSS_RTK,462.0,,9194616.0,defillama_fees_proxy,,,3,-2.0211575393301557,18.73461813120933,16.034128653321428,,True,,depinscan_messari_q1_2025_verified
Filecoin,FIL,DePIN,2020,token_weighted,mining,0.047273,0.7878,18.01,36.14,45.57,1000,633356445.0,1621690644.94029,77979149.0,0.82827,764908287.0,1957925127.0,,0.3906728998222821,,15.0,7.5,55.0,5.0,17.5,22.5,3000.0,4200.0,45.0,15000.0,storage,333.0,,2877881.9,token_terminal_live,55193596.7,,6,-3.051815970990907,21.206735049998297,14.872565130146194,,True,19.178548188513226,messari_fil_q3_2025
Render,RENDER,DePIN,2017,token_weighted,team_vc,0.032305,0.8944,10.41,31.79,47.01,1000,883569990.0,906955838.293,61495672.0,1.7,518743261.01,533503434.29,644245094.0,0.9723334990342783,,23.3,18.29,16.67,0.0,41.74,41.59,1140.0,5600.0,8.5,1500.0,GPU_compute,176.0,,,missing,,,9,-3.4325332619720084,20.625604317029634,,,True,,stats_renderfoundation_com_q1_2026
Pokt Network,POKT,DePIN,2020,token_weighted,mining,0.159159,0.962,34.78,64.8,77.23,1000,24904074.0,29109169.072158977,821574.0,0.01237974,2011680128.05,2351355446.25,,0.8555406334921746,,27.67,27.03,1.7,13.9,29.7,54.7,14000.0,22000.0,0.25,1000.0,RPC,4000.0,,22151.4,token_terminal_live,169151.9,,6,-1.837851576428822,17.186563770902143,10.005655978893513,,True,7.636171980100579,messari_pokt_q2_2024
LayerZero,ZRO,L1_L2_Infra,2024,token_weighted,airdrop,0.009561,0.446,3.3,14.55,24.69,98,472000111.0,1870000000.0,35999211.0,1.87,252331652.65,1000000000.0,1000000000.0,0.25233165265,,25.5,32.2,42.3,0.0,0.0,57.7,,,,,,,42000000.0,3530172.0,defillama_fees_proxy,,42000000.0,2,-4.650062954878828,21.349204267812908,15.07685715293491,17.553180176247643,True,,
Wormhole,W,L1_L2_Infra,2024,token_weighted,airdrop,0.014927,0.8716,7.04,18.53,23.78,1000,81449390.0,145638900.0,13120364.0,0.01456389,5609687898.0,10000000000.0,10000000000.0,0.5609687898,,12.0,11.6,17.0,23.3,36.1,23.6,,,,,,,35000000.0,257976.0,defillama_fees_proxy,,35000000.0,2,-4.2045836253310345,18.796640828372897,12.460621836321009,17.37085861945369,True,,
Morpheus AI,MOR,DePIN,2024,token_weighted,mining,0.013252,0.6677,7.33,21.37,29.34,96,,,,,,,,,,0.0,0.0,48.0,4.0,48.0,0.0,120.0,145.0,3.5,3000.0,AI_inference,857.0,,997116.0,defillama_fees_proxy,,,2,-4.323606794544488,,13.81262239122309,,False,,mor_dashboard_2026
Axelar,AXL,L1_L2_Infra,2022,token_weighted,team_vc,0.003761,0.6346,3.25,11.07,15.75,97,53362843.0,57728891.7214417,7280862.0,0.04671781,1144413675.15,1235693447.99,,0.9261307300864328,,17.0,29.5,41.0,12.5,0.0,46.5,,,,,,,18000000.0,33312.0,defillama_fees_proxy,,18000000.0,4,-5.583070399493938,17.871268329233608,10.413672971414696,16.70588231586044,True,,
MetaDAO,META,DeFi,2023,futarchy,team_vc,0.048249,0.898,19.61,33.98,41.44,1000,,,,,,,,,,,,,,,,,,,,,,1200000.0,182088.0,defillama_fees_proxy,,1200000.0,3,-3.031380176800517,,12.11224536568602,13.997832114758229,False,,
Lido,LDO,DeFi,2020,token_weighted,team_vc,0.018498,0.5186,9.89,19.81,27.71,189,277578113.0,326931000.0,34143837.0,0.326931,849264458.59,1000000000.0,1000000000.0,0.84926445859,,35.0,22.18,0.0,36.32,6.5,57.18,,,,,,,450000000.0,80518092.8,token_terminal_live,6131082.2,450000000.0,6,-3.9900926608500686,19.605259697421648,18.203992472414612,19.92475814072864,True,0.0761453977210945,
Gitcoin,GTC,Social_Dead,2021,delegate,airdrop,0.076552,0.9406,17.58,55.35,64.32,1000,6643467.0,7593700.0,995473.0,0.075937,87491501.9,100000000.0,100000000.0,0.874915019,,17.5,17.5,15.0,50.0,0.0,35.0,,,,,,,9000000.0,,missing,,9000000.0,5,-2.5697850305051753,15.84282951412128,,16.012735135300492,True,,
Token Engineering Commons,TEC,Social_Dead,2021,token_weighted,team_vc,0.027769,0.9067,9.22,29.62,44.21,742,,,,,,,,,,,,,,,,,,,,,,800000.0,,missing,,800000.0,5,-3.5838349883946305,,,13.592367006650065,False,,
